id;nom;address;num_tel;pays;ville;vue_s;capacity;notation;lien_unique
1;about;astride off;clear-cut reprove;workforce;wonderfully;mid;11883;during into;or scorn
2;puzzled;julienne rightfully;memorable when;unacceptable;likewise monopolise anenst;ick critical so;27845;drat recklessly;glut
3;spill;monthly silent daikon;after;once reason;svelte upwardly;to interestingly fooey;13692;catalyse;immaculate
4;while drat conscious;yowza fault;diagnosis woot;lesson pfft;drat concerning besides;since furthermore;28176;thick worth tally;monitor across worriedly
5;pfft flimsy;supposing skylight huzzah;gray;boo failing;light fooey as;well;28488;mistrust illiterate even;rosin honestly black-and-white
6;urgently;oof whether;drown;amongst bone;with;geez seldom gee;12523;round;correctly hospitable
7;misdirect gynaecology complication;er yet;eek rich;butane mistrust;upliftingly how;boohoo;15670;wangle;anti notwithstanding outdistance
8;huzzah;really failing;when;gorgeous separately;during sniveling;vaguely;30341;noisily out;agitated considering prestigious
9;scary adjure;since;pfft;copyright;furthermore review brr;spry;17420;lavish shrilly;mid ack
10;daintily;obediently buzzing;keenly;whether;ick yuck;why;20099;while herald jittery;hm
