id;nom;prenom;email;mot_de_passe;num_telephone;adresse;login;first_name;last_name;image_url;activated;lang_key
1;mining;ugh foreigner;Rosemarie_Hirthe@gmail.com;what frail before;come;aboard usually aw;"yxFv";Allene;Beer;which until;true;hunch sin
2;careless loudly pfft;apropos eyeball seemingly;Junius62@yahoo.com;key;inconsequential;wiry bootie;"yr1OQt";Akeem;Boyle;mmm tricky tandem;false;redesign m
3;used brr incidentally;tangerine;Reyna59@yahoo.com;nearly ford cavernous;meaningfully niece;sad industrialization though;"Md";Noelia;Cassin;less;false;er evenly
4;embitter;intubate;Lexus2@hotmail.com;inside deliberately gran;sandblast by forthright;reproachfully;"r`0v@QhcFjq";Irma;Kertzmann;expense;false;throughout
5;provided;however brightly past;Crawford.Rowe@yahoo.com;move alongside carol;reach psst;pace stickybeak;"?iE@rTiW\OlSRdRp\[ELq";Elmira;Reynolds;harangue serene;false;male immac
6;outback bisect whoa;reluctantly ah;Brenna.Zemlak@hotmail.com;cost meanwhile whereas;bitmap ripe;drat;"v";Charlotte;Dietrich;midst dispute;true;carefully 
7;sun lifetime;affectionate;Penelope_Pfeffer@yahoo.com;cross-stitch;proud;whereas;"C2gnpU@9r";Christian;Cummerata-Marquardt;alongside;true;afore
8;stained equally tour;victoriously;Tobin.Schuster39@hotmail.com;luxurious anti;with;into;"Cf9";Ruby;D'Amore;ignore above section;true;weakly
9;ha adumbrate;under utterly;Summer.Greenfelder@hotmail.com;notwithstanding;dog;deceivingly;"t@1Os";Elwin;Wyman;profession;true;natural wh
10;lest unlike;kooky;Clair69@yahoo.com;barring thong gee;gadzooks;mini shameless;"ZO@3";Vanessa;Leffler;for;true;morale mic
