id;montant;date_paiement;methode_paiement;token;description
1;7131.1;2024-08-01T09:32:14;tensely amusing oh;huzzah warmly calmly;blah
2;3379.1;2024-08-01T06:24:49;quirkily meh;er minimise;upright out
3;6752.81;2024-08-01T02:41:33;amid entertainment;conceptualise when;exactly
4;16515.92;2024-08-01T01:47:17;partner but;longingly;unscrew down
5;18057.3;2024-07-31T22:18:36;rash;healthily aw feminine;gadzooks pitiful neglected
6;7214.43;2024-08-01T01:54:00;meaty concerning;sour buttery;outgoing camp redhead
7;18338.19;2024-08-01T08:55:37;boohoo including diligently;nor;receiver
8;18261.13;2024-08-01T09:29:11;phooey often;unwritten youthfully;below
9;3504.5;2024-08-01T05:21:18;arena brr;dangle;inside while
10;16636.91;2024-07-31T19:56:34;attached;the enlightened stingy;yet drab quietly
