id;nom_template;corps;date_creation;date_modify;active_status
1;till;enormously;2024-08-01T01:08:18;2024-08-01T08:00:05;OFFLINE
2;aha;ha eyelids seat;2024-07-31T17:42:57;2024-07-31T16:55:28;OFFLINE
3;upliftingly annoy;including;2024-07-31T21:19:02;2024-08-01T08:05:50;OFFLINE
4;incidentally ouch;familiar vice;2024-07-31T16:16:42;2024-08-01T09:41:06;AVAILABLE
5;president sky;yuck;2024-08-01T03:00:39;2024-08-01T04:28:07;OFFLINE
6;airfreight keenly oof;warm retrench;2024-08-01T02:51:38;2024-08-01T08:09:42;OFFLINE
7;blissfully;after qua;2024-07-31T14:47:52;2024-08-01T02:44:55;OFFLINE
8;flamboyant a viability;joyously;2024-08-01T08:01:55;2024-07-31T14:50:14;AVAILABLE
9;cheer besides;jot;2024-08-01T08:15:49;2024-08-01T10:26:24;OFFLINE
10;clown venture ack;ha;2024-08-01T00:48:37;2024-08-01T11:44:54;OFFLINE
