id;nom;email;mot_de_passe
1;avalanche surprised;Levi64@gmail.com;astride
2;lest simplification eek;Merle_Tillman@yahoo.com;till truthful busy
3;meanwhile;Quincy92@hotmail.com;befit
4;eclipse;Albert18@gmail.com;black hm smoothly
5;though boot excepting;Abe.Baumbach46@yahoo.com;evade
6;woeful;Sonia83@hotmail.com;self-reliant crest
7;excited;Adah.Ledner@yahoo.com;gosh eek
8;yowza boutique bandwidth;Tito.Thiel-Jones@hotmail.com;teen lest
9;till gratify;Salma26@hotmail.com;barber
10;motivate;Emilia_Oberbrunner@hotmail.com;yahoo
